Year,INFLATION,2018_DOLLAR_ADJ_FACTOR
2005,195.3,1.285750128
2006,201.6,1.245570437
2007,207.342,1.211076386
2008,215.303,1.166295871
2009,214.537,1.170460107
2010,218.056,1.151571156
2011,224.939,1.116333762
2012,229.594,1.093700184
2013,232.957,1.077911374
2014,236.736,1.060704751
2015,237.017,1.059447213
2016,240.007,1.046248651
2017,245.12,1.024424772
2018,251.107,1